City,Country,Cloudiness,Date,Humidity,Latitude,Longitude,Max Temp,Wind Speed
Nome,US,1,1582761312,50,64.5,-165.41,10.0,6.8
Ahipara,NZ,63,1582761312,80,-35.17,173.17,68.18,10.6
Faya,SA,19,1582761312,32,18.39,42.45,59.0,3.36
Aktash,RU,85,1582761312,82,50.3,87.73,6.84,6.35
Mataura,NZ,96,1582761313,72,-46.19,168.86,63.0,18.01
Mackay,AU,90,1582761313,79,-21.15,149.2,91.99,2.24
Altay,CN,34,1582761313,63,47.87,88.12,20.75,5.26
Arrondissement de Saint-Quentin,FR,75,1582761313,93,49.83,3.33,35.6,9.17
Tuktoyaktuk,CA,90,1582761313,75,69.45,-133.04,-16.6,5.82
Belaya Gora,RU,96,1582761313,86,68.53,146.42,10.31,13.87
Saskylakh,RU,48,1582761313,86,71.92,114.08,8.51,15.3
Palmer,US,90,1582761313,70,42.16,-72.33,48.99,4.7
Svetlaya,RU,0,1582761314,65,46.54,138.33,19.92,5.64
Rikitea,PF,100,1582761314,72,-23.12,-134.97,80.87,9.48
Grand Gaube,MU,75,1582761314,88,-20.01,57.66,80.6,6.93
Lethem,GY,10,1582761314,36,3.38,-59.8,88.12,14.81
Jamestown,US,90,1582761154,93,42.1,-79.24,41.0,2.17
Ushuaia,AR,40,1582761314,61,-54.8,-68.3,50.0,42.5
Talgar,KZ,90,1582761314,66,43.3,77.24,50.0,22.37
Butaritari,KI,77,1582761314,79,3.07,172.79,84.2,14.58
Geraldton,AU,40,1582761315,83,-28.77,114.6,73.4,10.29
Kapaa,US,20,1582761315,61,22.08,-159.32,80.6,18.34
Srednekolymsk,RU,94,1582761315,95,67.45,153.68,-3.21,18.1
Chu,KZ,100,1582761315,88,43.6,73.76,30.99,1.99
Owando,CG,99,1582761315,92,-0.48,15.9,74.98,5.91
La Providencia,MX,5,1582761315,48,28.72,-111.58,82.4,3.36
Longyearbyen,SJ,20,1582761316,63,78.22,15.64,-5.8,5.82
Sumbe,AO,98,1582761316,82,-11.21,13.84,75.51,2.53
Barrow,US,1,1582761316,67,71.29,-156.79,-25.6,4.7
Mogadishu,SO,100,1582761316,83,2.04,45.34,81.68,19.84
Airai,TL,100,1582761316,70,-8.93,125.41,76.51,2.35
Busselton,AU,100,1582761316,53,-33.65,115.33,69.01,15.41
Castro,BR,83,1582761316,90,-24.79,-50.01,60.85,2.15
Severo-Yeniseyskiy,RU,65,1582761316,99,60.37,93.04,-1.35,1.81
Punta Arenas,CL,20,1582761303,58,-53.15,-70.92,53.6,44.96
Adrar,MR,0,1582761317,11,20.5,-10.07,68.58,11.1
Santiago del Estero,AR,0,1582761317,34,-27.8,-64.26,75.52,7.02
Vaini,TO,40,1582761317,70,-21.2,-175.2,86.0,9.17
Ramnagar,IN,67,1582761317,76,29.4,79.12,54.36,3.94
Poum,NC,0,1582761317,76,-20.23,164.02,80.8,14.2
Tasiilaq,GL,100,1582761317,85,65.61,-37.64,10.4,10.29
Bluff,NZ,99,1582761317,72,-46.6,168.33,63.0,18.01
Cape Town,ZA,20,1582761318,77,-33.93,18.42,66.99,17.22
Codrington,AU,100,1582761318,76,-38.27,141.97,59.41,24.4
Avarua,CK,69,1582761035,100,-21.21,-159.78,75.2,9.42
Teguise,ES,40,1582761318,68,29.06,-13.56,66.2,14.99
Mar del Plata,AR,63,1582761117,43,-38.0,-57.56,69.8,3.36
Shahr-e Bābak,IR,0,1582761318,45,30.12,55.12,42.51,6.44
Sur,OM,0,1582761318,55,22.57,59.53,72.99,4.94
Viradouro,BR,75,1582761319,94,-20.87,-48.3,73.4,3.36
Souillac,MU,75,1582761319,88,-20.52,57.52,80.6,6.93
Isangel,VU,75,1582761319,74,-19.55,169.27,86.0,5.82
Lastoursville,GA,100,1582761319,98,-0.81,12.73,72.75,2.95
Erenhot,CN,30,1582761319,72,43.65,111.98,22.32,5.99
Pyaozerskiy,RU,51,1582761319,76,65.83,31.17,12.0,6.4
Manakara,MG,37,1582761319,87,-22.13,48.02,67.32,5.66
Bredasdorp,ZA,42,1582761320,82,-34.53,20.04,63.0,4.7
Conselheiro Pena,BR,60,1582761197,84,-19.17,-41.47,77.29,2.06
Upernavik,GL,71,1582761320,65,72.79,-56.15,-20.04,1.68
Chokurdakh,RU,100,1582761320,91,70.63,147.92,7.59,13.47
Otjiwarongo,NA,88,1582761320,100,-20.46,16.65,68.0,7.61
Udachny,RU,21,1582761320,77,66.42,112.4,3.2,2.24
Saint-Philippe,RE,20,1582761320,83,-21.36,55.77,77.0,4.7
Hobart,AU,75,1582761320,51,-42.88,147.33,62.01,17.22
Saint Paul Harbor,US,90,1582761321,74,57.79,-152.41,35.6,13.87
Carnarvon,AU,90,1582761200,94,-24.87,113.63,77.0,16.11
Aswān,EG,0,1582761321,44,24.09,32.91,57.2,4.7
Narsaq,GL,51,1582761321,79,60.92,-46.05,19.4,6.93
Quatre Cocos,MU,75,1582761321,88,-20.21,57.76,80.6,6.93
Ōfunato,JP,75,1582761321,74,39.07,141.72,33.8,10.29
Tual,ID,63,1582761321,78,-5.67,132.75,83.66,9.98
Jacareacanga,BR,100,1582761322,97,-6.22,-57.75,75.0,1.86
Porto Velho,BR,20,1582761125,70,-8.76,-63.9,86.0,3.36
Santa Marta,CO,20,1582761322,52,11.24,-74.2,89.6,16.11
Kyabé,TD,6,1582761322,20,9.45,18.94,76.17,4.09
Loei,TH,100,1582761322,93,17.42,101.5,64.99,2.24
Sapouy,BF,0,1582761322,14,11.55,-1.77,75.65,5.39
Kourou,GF,65,1582761322,83,5.16,-52.65,73.4,2.24
Suntar,RU,25,1582761322,96,62.14,117.63,-0.85,2.93
Hermanus,ZA,50,1582761322,88,-34.42,19.23,66.99,9.19
George Town,MY,20,1582761323,74,5.41,100.34,78.8,3.36
San Patricio,MX,20,1582761323,78,19.22,-104.7,80.6,11.41
Araçatuba,BR,75,1582761323,94,-21.21,-50.43,77.0,2.24
Valdivia,CL,0,1582761323,56,-39.81,-73.25,69.8,4.7
Port Augusta,AU,90,1582761323,59,-32.5,137.77,64.4,13.87
Cockburn Town,TC,0,1582761142,78,21.46,-71.14,75.94,17.47
Kiryat Gat,IL,0,1582761323,87,31.61,34.76,53.01,2.24
Nioaque,BR,13,1582761323,89,-21.14,-55.83,73.17,3.6
Kalabo,ZM,100,1582761324,96,-14.97,22.68,68.36,8.3
Atuona,PF,20,1582761324,80,-9.8,-139.03,81.34,14.09
Nikolskoye,RU,99,1582761324,63,59.7,30.79,28.4,6.71
Bugul'ma,RU,56,1582761324,88,54.55,52.8,17.08,9.42
Dingle,PH,33,1582761324,83,11.0,122.67,76.35,11.92
Neiafu,TO,40,1582761324,79,-18.65,-173.98,84.2,8.05
Sitka,US,90,1582761324,75,57.05,-135.33,42.8,12.75
Yagodnoye,RU,1,1582761325,64,62.55,149.67,-17.52,3.87
Pevek,RU,10,1582761325,92,69.7,170.31,-14.69,9.82
Ixtapa,MX,20,1582761243,73,20.7,-105.2,75.2,11.41
Ambon City,ID,40,1582761325,74,-3.7,128.18,84.2,3.36
College,US,1,1582761325,59,64.86,-147.8,9.0,3.62
Avera,US,90,1582761325,66,33.19,-82.53,57.2,16.11
Lata,PT,40,1582761325,87,40.16,-8.33,48.99,1.12
Hasaki,JP,20,1582761325,61,35.73,140.83,45.0,16.11
Mae Sai,TH,100,1582761325,88,20.43,99.88,66.2,1.74
Dikson,RU,100,1582761326,89,73.51,80.55,14.11,23.69
Hong Kong,HK,40,1582761301,88,22.29,114.16,70.0,18.34
Yellowknife,CA,90,1582761262,77,62.46,-114.35,5.0,4.7
Namatanai,PG,0,1582761326,71,-3.67,152.43,85.17,5.86
Sabang,ID,82,1582761326,77,5.89,95.32,82.71,21.39
Östersund,SE,0,1582761326,72,63.18,14.64,14.0,6.93
George Town,MY,20,1582761059,83,5.41,100.34,78.8,3.36
Gerāsh,IR,0,1582761327,74,27.67,54.14,50.65,6.4
Maceió,BR,84,1582761327,83,-9.67,-35.74,78.8,5.82
Patti,IN,40,1582761327,93,31.28,74.86,60.8,3.53
Mahajanga,MG,40,1582761327,100,-15.72,46.32,75.2,8.77
Praia da Vitória,PT,20,1582761198,72,38.73,-27.07,60.8,13.47
Vardø,NO,75,1582761327,85,70.37,31.11,19.4,4.7
Kavieng,PG,33,1582761327,69,-2.57,150.8,85.91,6.02
Saint George,US,0,1582761049,25,37.1,-113.58,55.4,9.17
Praia,CV,0,1582761328,44,14.92,-23.51,78.8,12.75
Chui,UY,12,1582761328,68,-33.7,-53.46,61.88,7.72
Araçuaí,BR,0,1582761260,90,-16.85,-42.07,73.08,2.89
Kaputa,ZM,44,1582761328,94,-8.47,29.66,64.71,0.78
Lujiang,CN,40,1582761328,86,31.26,117.28,41.0,8.95
Albany,US,90,1582761328,100,42.6,-73.97,43.0,4.7
Constitución,CL,0,1582761328,85,-35.33,-72.42,56.25,6.89
San Quintín,MX,0,1582761329,37,30.48,-115.95,66.56,5.39
Zhigansk,RU,99,1582761329,99,66.77,123.37,-5.89,9.93
Saint-François,FR,86,1582761311,69,46.42,3.91,37.4,3.36
Bandarbeyla,SO,100,1582761329,78,9.49,50.81,76.91,12.5
Port Alfred,ZA,100,1582761329,89,-33.59,26.89,70.0,3.0
Sobolevo,RU,100,1582761329,97,54.43,31.9,34.97,8.55
Ovsyanka,RU,75,1582761329,76,55.96,92.55,-4.0,2.01
Nuuk,GL,0,1582761104,55,64.18,-51.72,8.6,8.05
Igurusi,TZ,99,1582761330,92,-8.85,33.85,55.11,2.35
Miki,JP,75,1582761330,80,34.8,134.98,46.99,14.99
Tak Bai,TH,20,1582761330,88,6.26,102.05,77.0,2.24
Arraial do Cabo,BR,95,1582761136,85,-22.97,-42.03,80.22,4.68
Moree,AU,0,1582761330,65,-29.47,149.85,77.0,3.36
Alamosa,US,75,1582761205,24,37.47,-105.87,37.4,5.82
Fortuna,US,1,1582761330,76,40.6,-124.16,57.99,13.87
Khatanga,RU,96,1582761330,91,71.97,102.5,12.78,16.37
Tiksi,RU,100,1582761331,85,71.69,128.87,-1.86,18.14
Saint-Louis,SN,0,1582761331,16,16.33,-15.0,84.2,2.24
New Norfolk,AU,75,1582761331,51,-42.78,147.06,62.01,17.22
Les Cayes,HT,0,1582761331,79,18.2,-73.75,79.81,11.34
Vuktyl,RU,99,1582761331,96,63.86,57.31,13.37,6.44
Lompoc,US,1,1582761331,16,34.64,-120.46,77.0,11.41
Ambatofinandrahana,MG,20,1582761331,97,-20.55,46.8,57.65,3.6
Hilo,US,40,1582761052,51,19.73,-155.09,80.6,13.87
Río Gallegos,AR,40,1582761225,36,-51.62,-69.22,64.4,29.97
Pochutla,MX,90,1582761332,69,15.74,-96.47,82.4,10.85
Long Beach,US,1,1582761182,8,33.77,-118.19,82.99,3.36
Lebu,CL,0,1582761332,82,-37.62,-73.65,57.33,9.53
Padre Bernardo,BR,100,1582761332,93,-15.35,-48.5,71.78,1.63
Puerto Ayora,EC,20,1582761332,70,-0.74,-90.35,84.2,11.41
Cassilândia,BR,86,1582761332,93,-19.11,-51.73,70.83,3.36
Sharjah city,AE,20,1582761333,68,25.36,55.4,69.8,9.17
Nīlēshwar,IN,20,1582761333,94,12.25,75.1,78.8,3.36
Torbay,CA,90,1582761333,100,47.67,-52.73,30.0,8.05
Ust-Kuyga,RU,100,1582761333,99,70.02,135.6,-3.78,10.6
Panacan,PH,20,1582761333,88,9.25,118.41,75.2,9.17
Saint-Pierre,RE,20,1582761333,83,-21.34,55.48,77.0,4.7
Ponta do Sol,PT,75,1582761333,67,32.67,-17.1,62.6,12.75
Salalah,OM,0,1582761279,73,17.02,54.09,73.4,3.36
Vanavara,RU,92,1582761334,99,60.34,102.28,1.42,0.83
Puerto Escondido,MX,40,1582761334,83,15.85,-97.07,82.4,5.82
Hays,US,1,1582761334,31,30.05,-98.03,52.0,8.05
Thompson,CA,20,1582761190,35,55.74,-97.86,10.4,4.7
Vila Franca do Campo,PT,75,1582761280,67,37.72,-25.43,62.6,8.05
Kuala Terengganu,MY,40,1582761334,88,5.33,103.14,78.8,2.24
Kutum,SD,0,1582761334,23,14.2,24.67,55.24,5.55
Jieshi,CN,99,1582761335,78,22.81,115.83,69.01,1.01
Rochegda,RU,100,1582761335,98,62.8,43.25,13.91,2.51
Aguililla,MX,1,1582761335,61,18.73,-102.73,70.38,5.61
Usinsk,RU,96,1582761335,95,65.99,57.53,13.5,10.36
Cody,US,1,1582761335,58,44.53,-109.06,41.0,14.99
Buala,SB,90,1582761335,70,-8.14,159.59,85.24,3.11
Stornoway,GB,85,1582761335,70,58.21,-6.39,32.0,8.05
Shanghai,CN,40,1582761117,75,31.22,121.46,52.0,6.71
East London,ZA,92,1582761335,78,-33.02,27.91,73.47,18.52
San Ramon,US,1,1582761202,35,37.78,-121.98,78.01,8.05
Antofagasta,CL,20,1582761336,73,-23.65,-70.4,69.8,8.05
Esperance,AU,100,1582761336,77,-33.87,121.9,64.4,8.05
Gamba,GA,100,1582761336,92,-2.65,10.0,77.76,4.63
Burnie,AU,97,1582761336,77,-41.07,145.92,55.99,11.01
Cidreira,BR,17,1582761336,63,-30.18,-50.21,71.11,13.87
Aklavik,CA,40,1582761336,83,68.22,-135.01,-7.6,11.41
Provideniya,RU,58,1582761337,65,64.38,-173.3,6.8,3.71
Jauja,PE,100,1582761337,84,-11.78,-75.5,43.92,8.03
Ferme-Neuve,CA,100,1582761256,95,46.7,-75.45,27.95,10.92
Nizhnevartovsk,RU,100,1582761337,78,60.93,76.55,15.8,20.13
Rawson,AR,100,1582761250,51,-43.3,-65.1,69.15,14.52
Tarragona,ES,65,1582761337,53,41.13,1.25,54.0,6.93
Yasnyy,RU,87,1582761337,89,51.03,59.87,17.94,23.29
High River,CA,20,1582761337,64,50.58,-113.87,41.0,8.05
Viedma,AR,48,1582761338,35,-40.81,-63.0,69.13,5.75
Yar-Sale,RU,100,1582761338,92,66.83,70.83,19.53,21.9
Henties Bay,NA,49,1582761338,91,-22.12,14.28,66.99,3.0
Las Tablas,PA,20,1582761338,78,7.77,-80.28,80.6,6.93
Lüderitz,NA,0,1582761338,88,-26.65,15.16,64.4,9.17
Alyangula,AU,90,1582761338,100,-13.85,136.42,78.8,4.7
Khandyga,RU,0,1582761338,97,62.67,135.6,-11.79,0.29
St. George's,GD,43,1582761338,78,12.06,-61.75,78.8,5.82
Ambilobe,MG,100,1582761339,91,-13.2,49.05,75.88,3.58
Beidao,CN,100,1582761339,89,34.57,105.89,42.35,2.17
Port Elizabeth,ZA,85,1582761339,82,-33.92,25.57,68.65,10.98
Valle Nacional,MX,100,1582761339,92,17.78,-96.32,55.94,7.43
São João da Barra,BR,90,1582761339,94,-21.64,-41.05,78.8,6.93
Ilulissat,GL,58,1582761339,48,69.22,-51.1,-7.6,10.29
Córdoba,AR,0,1582761317,72,-31.41,-64.18,75.0,4.7
Kruisfontein,ZA,77,1582761340,91,-34.0,24.73,64.11,8.32
Marsh Harbour,BS,75,1582761340,84,26.54,-77.06,74.97,20.58
Biloxi,US,1,1582761063,58,30.4,-88.89,55.4,17.22
Ostrovnoy,RU,0,1582761273,92,68.05,39.51,9.14,6.29
Týn nad Vltavou,CZ,78,1582761340,72,49.22,14.42,36.0,9.95
Ribeira Grande,PT,21,1582761340,91,38.52,-28.7,58.69,12.37
Nicoya,CR,20,1582761340,70,10.15,-85.45,77.0,13.87
Hithadhoo,MV,100,1582761340,78,-0.6,73.08,82.76,17.56
Santa Rosalía,MX,0,1582761341,28,27.32,-112.28,60.24,14.72
Belyy Yar,RU,90,1582761341,84,53.6,91.39,3.2,1.34
Aflao,TG,18,1582761341,83,6.12,1.19,82.26,7.0
Awjilah,LY,100,1582761341,24,29.11,21.29,65.23,5.88
Canchungo,GW,0,1582761341,65,12.07,-16.03,77.0,2.24
Leshukonskoye,RU,98,1582761341,96,64.9,45.76,19.13,4.03
Roslyakovo,RU,75,1582761341,85,69.04,33.2,10.4,8.95
Wadi Maliz,TN,40,1582761342,58,36.47,8.55,59.0,5.82
Cabo San Lucas,MX,5,1582761232,44,22.89,-109.91,80.6,4.7
Nha Trang,VN,20,1582761342,83,12.25,109.18,77.0,5.82
Toktogul,KG,100,1582761342,98,41.87,72.94,28.71,0.58
Katobu,ID,97,1582761342,90,-4.94,122.53,80.26,5.26
Balkhash,KZ,100,1582761342,85,46.84,74.98,27.09,18.88
Marzuq,YE,34,1582761342,37,14.4,46.47,60.04,4.14
Jalu,LY,100,1582761342,24,29.03,21.55,65.23,5.88
Ozernovskiy,RU,100,1582761342,87,51.5,156.52,24.69,6.58
Mossamedes,AO,51,1582761343,77,-15.2,12.15,74.32,10.92
Mount Gambier,AU,90,1582761343,71,-37.83,140.77,57.2,14.99
Neuquén,AR,0,1582761091,30,-38.95,-68.06,86.0,4.7
Nabire,ID,75,1582761343,76,-3.37,135.48,83.05,0.81
Soe,ID,100,1582761343,68,-9.86,124.28,81.91,4.97
Sinnamary,GF,97,1582761343,69,5.38,-52.95,78.4,10.92
Ayaviri,PE,95,1582761343,86,-14.89,-70.59,42.85,3.98
Goderich,CA,100,1582761343,70,43.75,-81.72,28.0,4.0
Saint-Augustin,CA,7,1582761344,81,51.23,-58.65,12.24,11.01
Vila Velha,BR,20,1582761125,78,-20.33,-40.29,82.4,14.99
Karratha,AU,100,1582761344,75,-20.74,116.85,83.34,3.78
Rabo de Peixe,PT,75,1582761344,67,37.8,-25.58,62.6,8.05
Saldanha,ZA,6,1582761058,82,-33.01,17.94,60.8,5.82
San Cristobal,VE,40,1582761344,52,7.77,-72.22,87.8,8.05
Iringa,TZ,75,1582761344,93,-7.77,35.7,66.2,2.82
Talnakh,RU,40,1582761344,85,69.49,88.4,15.8,38.03
Pincher Creek,CA,20,1582761345,51,49.48,-113.95,39.2,11.92
Chumikan,RU,21,1582761345,77,54.72,135.31,14.25,8.95
Zabul Province,AF,32,1582761345,60,32.25,67.25,40.77,0.74
Bengkulu,ID,82,1582761345,91,-3.8,102.27,74.53,4.12
Malaryta,BY,83,1582761345,80,51.79,24.07,36.18,11.88
Huron,US,90,1582761345,92,41.15,-82.55,30.99,16.11
Mount Isa,AU,40,1582761345,66,-20.73,139.5,84.2,6.93
Luganville,VU,75,1582761346,70,-15.53,167.17,87.8,9.17
Vestmannaeyjar,IS,100,1582761346,56,63.44,-20.27,35.29,17.83
Arrondissement de Bergerac,FR,90,1582761346,87,44.83,0.5,45.0,6.93
Florence,IT,69,1582761220,93,43.77,11.25,41.0,5.82
Shache,CN,67,1582761346,38,38.42,77.24,40.98,4.16
Senno,RU,89,1582761346,88,59.53,33.92,19.99,3.98
Qaanaaq,GL,100,1582761347,60,77.48,-69.36,-14.51,4.21
Tokur,RU,93,1582761347,93,53.13,132.9,2.68,1.57
Sydney,AU,40,1582761216,60,-33.87,151.21,75.99,5.82
Khammam,IN,0,1582761347,95,17.25,80.15,69.08,3.67
Alice Springs,AU,97,1582761347,22,-23.7,133.88,87.8,13.87
São José da Coroa Grande,BR,100,1582761347,77,-8.9,-35.15,82.81,12.19
Kahului,US,40,1582761347,54,20.89,-156.47,80.6,20.8
Bathurst,AU,58,1582761347,59,-33.42,149.58,73.99,3.0
Donskoye,RU,96,1582761347,44,45.46,41.97,39.2,8.95
Chirongui,YT,75,1582761348,94,-12.93,45.15,80.6,2.24
Bambous Virieux,MU,75,1582761348,88,-20.34,57.76,80.6,6.93
Alamogordo,US,1,1582761344,16,32.9,-105.96,48.0,9.17
Labytnangi,RU,100,1582761348,95,66.66,66.42,19.98,12.86
Rio Verde de Mato Grosso,BR,100,1582761348,97,-18.92,-54.84,72.28,3.87
Salinópolis,BR,100,1582761348,82,-0.61,-47.36,80.71,20.2
Jiaozuo,CN,100,1582761348,68,35.24,113.23,42.04,15.28
Guerrero Negro,MX,0,1582761349,10,27.98,-114.06,77.97,1.52
Nagua,DO,75,1582761349,88,19.38,-69.85,75.2,7.47
Orlik,RU,0,1582761349,91,52.52,99.83,-15.16,3.31
Montceau-les-Mines,FR,59,1582761349,69,46.67,4.37,37.4,3.36
Cayenne,GF,65,1582761349,83,4.93,-52.33,73.4,2.24
Bilma,NE,0,1582761349,19,18.69,12.92,64.33,7.36
Pauini,BR,94,1582761349,92,-7.71,-66.98,76.24,0.22
Kuusamo,FI,90,1582761349,84,65.97,29.18,3.2,1.12
Tura,IN,1,1582761350,94,25.52,90.22,57.06,3.13
Jumla,NP,0,1582761350,51,29.27,82.18,23.54,7.38
Bethel,US,90,1582761350,100,41.37,-73.41,48.0,6.93
Havelock,US,90,1582761308,88,34.88,-76.9,64.99,13.87
Arman',RU,99,1582761350,70,59.7,150.17,6.13,10.63
São Félix do Xingu,BR,100,1582761350,98,-6.64,-51.99,73.83,2.35
Erzin,TR,20,1582761350,100,36.96,36.2,55.99,5.82
San Andrés,CO,20,1582761340,74,12.58,-81.7,82.4,5.82
Ancud,CL,75,1582761351,68,-41.87,-73.82,66.2,12.75
Coquimbo,CL,40,1582761351,87,-29.95,-71.34,60.8,10.29
Along,IN,100,1582761351,96,28.17,94.77,52.7,3.69
Hofn,IS,98,1582761351,67,64.25,-15.21,33.64,32.37
Philadelphia,US,90,1582761146,93,39.95,-75.16,48.99,10.29
Vanimo,PG,99,1582761351,82,-2.67,141.3,81.91,11.52
Kavaratti,IN,100,1582761351,67,10.57,72.64,81.52,4.47
Polson,US,90,1582761352,92,47.69,-114.16,41.0,4.38
Atar,MR,0,1582761352,11,20.52,-13.05,68.88,8.21
Deputatsky,RU,100,1582761352,87,69.3,139.9,1.56,5.35
Margate,GB,70,1582761352,80,51.38,1.39,39.99,9.17
Ābu Road,IN,14,1582761352,37,24.48,72.78,63.66,2.19
Mahébourg,MU,75,1582761352,88,-20.41,57.7,80.6,6.93
Pandan,PH,100,1582761352,80,14.05,124.17,78.82,17.11
Byron Bay,AU,90,1582761353,83,-28.65,153.62,82.99,8.05
Kudahuvadhoo,MV,50,1582761353,81,2.67,72.89,81.68,14.92
Masuguru,TZ,84,1582761353,97,-11.37,38.42,70.79,1.57
Florianópolis,BR,75,1582761165,73,-27.61,-48.5,71.6,18.34
Necochea,AR,73,1582761353,88,-38.55,-58.74,62.01,0.78
Meulaboh,ID,45,1582761353,81,4.14,96.13,82.15,8.14
Camacha,PT,40,1582761353,72,33.08,-16.33,62.6,11.41
Nianzishan,CN,0,1582761354,75,47.52,122.88,8.15,3.36
Bereda,ES,40,1582761354,81,43.27,-7.54,55.0,5.82
Constantine,DZ,40,1582761354,81,36.37,6.61,44.6,5.82
Zhifang,CN,90,1582761354,81,30.35,114.32,50.0,6.71
Teya,RU,88,1582761354,100,60.38,92.63,-2.25,1.68
Hualmay,PE,55,1582761354,77,-11.1,-77.61,73.26,7.67
Clyde River,CA,5,1582761354,74,70.47,-68.59,-23.8,3.36
Rio Novo,BR,75,1582761355,88,-21.46,-43.13,77.0,8.05
Yulara,AU,36,1582761355,23,-25.24,130.99,87.8,18.34
Tuatapere,NZ,48,1582761355,72,-46.13,167.68,63.0,18.01
Cam Ranh,VN,20,1582761355,83,11.92,109.16,77.0,5.82
Tevaitoa,PF,52,1582761355,68,-16.78,-151.5,82.69,4.92
Ségou,ML,0,1582761355,12,13.43,-6.22,76.84,9.71
Katsuura,JP,20,1582761355,52,35.13,140.3,48.99,18.34
Severo-Kuril'sk,RU,100,1582761355,89,50.68,156.12,25.41,4.85
Asău,RO,50,1582761356,75,46.43,26.4,46.99,3.36
Kaeo,NZ,100,1582761356,67,-35.1,173.78,75.0,5.01
Timrå,SE,0,1582761356,78,62.49,17.33,19.99,11.41
Nāmagiripettai,IN,58,1582761356,95,11.47,78.27,66.79,1.59
Øksfjord,NO,75,1582761356,86,70.24,22.35,28.4,14.99
Bonthe,SL,0,1582761356,83,7.53,-12.51,77.85,4.85
Cartagena,CO,20,1582761356,78,10.4,-75.51,82.4,13.87
El Alto,PE,7,1582761356,100,-4.27,-81.21,62.6,13.87
Humboldt,US,1,1582761356,76,40.67,-123.92,57.99,13.87
Tateyama,JP,20,1582761357,52,34.98,139.87,48.99,18.34
Qaqortoq,GL,69,1582761357,79,60.72,-46.03,19.4,6.93
Inhambane,MZ,4,1582761357,70,-23.86,35.38,77.95,7.56
Gwanda,ZW,50,1582761357,76,-20.93,29.0,62.31,6.85
Dera Bugti,PK,84,1582761357,23,29.03,69.15,69.03,6.8
Tungor,RU,66,1582761357,91,53.38,142.96,1.08,5.59
Diego de Almagro,CL,0,1582761357,52,-26.37,-70.05,66.45,3.74
Saint Andrews,US,90,1582761357,76,34.05,-81.13,60.01,9.17
Te Anau,NZ,85,1582761358,80,-45.42,167.72,54.12,14.72
Kaitangata,NZ,90,1582761358,47,-46.28,169.85,72.0,10.78
Husavik,IS,90,1582761358,68,66.04,-17.34,24.8,25.28
Zeerust,ZA,19,1582761358,63,-25.54,26.08,66.2,3.36
Amga,RU,94,1582761358,98,60.9,131.96,-5.22,0.22
Dongsheng,CN,96,1582761358,92,39.82,109.98,34.86,2.21
Paka,MY,53,1582761358,87,4.64,103.44,76.89,7.29
Richards Bay,ZA,0,1582761358,81,-28.78,32.04,74.53,22.41
Maturin,VE,95,1582761358,74,9.75,-63.18,76.37,9.37
Oranjestad,AW,40,1582761160,74,12.52,-70.03,82.4,20.8
Yamoussoukro,CI,0,1582761359,66,6.82,-5.28,84.2,9.17
Atambua,ID,100,1582761359,80,-9.11,124.89,81.36,3.22
Yabrūd,SY,0,1582761359,93,33.97,36.66,41.0,9.17
Peleduy,RU,100,1582761359,99,59.63,112.74,0.43,1.57
Khasan,RU,0,1582761359,55,42.43,130.64,25.95,8.7
Conselheiro Lafaiete,BR,75,1582761359,88,-20.66,-43.79,71.6,8.05
São Filipe,CV,0,1582761359,50,14.9,-24.5,76.77,2.06
Caravelas,BR,40,1582761360,81,-17.71,-39.25,80.92,16.46
Huinan,CN,0,1582761360,78,42.62,126.26,15.76,1.01
Altus,US,1,1582761360,28,34.64,-99.33,46.4,16.11
Gravdal,NO,85,1582761360,57,68.12,13.5,37.45,26.96
Liverpool,GB,89,1582761123,80,53.41,-2.98,39.99,11.41
Namie,JP,75,1582761360,90,37.48,141.0,43.0,9.17
Fairbanks,US,1,1582761203,59,64.84,-147.72,9.0,0.31
Pangnirtung,CA,5,1582761360,66,66.15,-65.71,-29.2,2.13
Edd,ER,3,1582761361,75,13.93,41.69,72.34,1.45
Muros,ES,90,1582761361,100,42.78,-9.06,59.0,8.05
Lázaro Cárdenas,MX,0,1582761361,61,17.96,-102.2,77.65,5.21
Ormara,PK,92,1582761361,76,25.21,64.64,73.26,9.35
Waddān,LY,87,1582761361,24,29.16,16.14,64.83,5.64
Azángaro,PE,75,1582761361,58,-14.92,-70.22,55.4,5.82
Polyarny,RU,75,1582761361,85,69.2,33.45,10.4,8.95
Garoowe,SO,90,1582761361,75,8.41,48.48,66.24,6.13
Iqaluit,CA,5,1582761362,61,63.75,-68.51,-23.8,9.17
Farafenni,GM,17,1582761362,15,13.57,-15.6,83.75,5.88
Beloha,MG,0,1582761362,70,-25.17,45.05,69.3,14.0
Shimoda,JP,75,1582761362,78,34.67,138.95,46.4,18.34
Impfondo,CG,96,1582761362,83,1.64,18.07,75.0,2.26
Cherskiy,RU,84,1582761362,84,68.75,161.3,-12.35,15.88
Pangody,RU,100,1582761363,88,65.85,74.49,17.31,24.11
Dunedin,NZ,98,1582761363,47,-45.87,170.5,72.0,13.42
Beringovskiy,RU,100,1582761363,91,63.05,179.32,1.29,10.54
Vestmanna,FO,97,1582761363,86,62.16,-7.17,33.8,5.82
Acarigua,VE,57,1582761363,38,9.55,-69.2,87.8,11.41
Kumëny,RU,67,1582761363,95,58.11,49.92,20.16,14.52
Yeppoon,AU,20,1582761363,66,-23.13,150.73,84.2,2.24
Ibrā’,OM,0,1582761363,57,22.69,58.53,68.63,3.36
Jiangyin,CN,3,1582761364,72,31.93,120.31,51.01,9.93
Peace River,CA,75,1582761105,69,56.25,-117.29,33.8,8.05
Manggar,ID,100,1582761122,80,-2.88,108.27,81.84,15.01
Bara,NG,1,1582761364,22,10.37,10.73,71.89,6.4
Norman Wells,CA,75,1582761364,70,65.28,-126.83,-4.0,3.36
Cabinda,AO,100,1582761364,78,-5.55,12.2,82.11,7.36
Vryheid,ZA,0,1582761364,81,-27.77,30.79,61.57,3.62
Galt,US,1,1582761296,35,38.25,-121.3,78.01,1.9
Novoagansk,RU,100,1582761365,82,61.94,76.66,16.68,19.13
Paamiut,GL,1,1582761365,57,61.99,-49.67,0.36,6.98
Hay River,CA,90,1582761365,71,60.82,-115.8,8.6,2.24
Pinotepa Nacional,MX,2,1582761365,56,16.32,-98.02,78.03,7.61
Half Moon Bay,US,20,1582761365,34,37.46,-122.43,78.01,5.82
Esim,GH,33,1582761365,92,4.87,-2.24,78.75,1.81
Allonnes,FR,99,1582761366,86,47.97,0.16,44.01,2.24
Qui Nhon,VN,77,1582761366,87,13.77,109.23,69.44,2.8
Karpathos,GR,98,1582761366,82,35.51,27.21,60.8,17.22
Mahon,ES,90,1582761366,76,39.89,4.27,51.8,6.93
Pishin,PK,0,1582761366,49,30.58,67.0,52.79,0.96
Touros,BR,40,1582761366,78,-5.2,-35.46,82.4,6.93
Houma,US,1,1582761309,61,29.6,-90.72,55.99,13.87
Iquique,CL,21,1582761258,57,-20.22,-70.14,77.0,14.99
Masalli,KR,40,1582761367,100,34.8,126.66,39.2,3.36
Trindade,BR,90,1582761367,88,-16.65,-49.49,75.2,5.82
Coruripe,BR,92,1582761367,80,-10.13,-36.18,81.32,11.34
Papara,BR,96,1582761367,78,-3.98,-38.73,82.99,5.82
Rossland,CA,100,1582761367,92,49.08,-117.8,33.19,2.24
Samarai,PG,68,1582761367,59,-10.62,150.67,87.46,2.64
Polovinnoye,RU,94,1582761367,96,54.79,65.99,26.42,7.05
Wisconsin Rapids,US,90,1582761368,49,44.38,-89.82,28.4,6.93
Bambari,CF,0,1582761368,28,5.77,20.68,74.25,3.04
Jardim,BR,17,1582761368,86,-21.48,-56.14,71.69,3.6
Kieta,PG,100,1582761368,70,-6.22,155.63,83.95,2.73
Portland,US,40,1582761087,54,45.52,-122.68,57.0,3.36
Moose Factory,CA,40,1582761368,84,51.26,-80.61,3.2,5.82
Bariloche,AR,0,1582761368,35,-41.15,-71.31,73.4,14.99
Hargeisa,SO,55,1582761368,95,9.56,44.06,60.6,18.16
Santa Isabel Rio Negro,BR,43,1582761368,81,-0.41,-65.02,79.88,1.99
Morón,AR,0,1582761369,56,-34.65,-58.62,73.4,3.36
Oistins,BB,20,1582761369,73,13.07,-59.53,77.0,8.05
Sørland,NO,100,1582761369,57,67.67,12.69,38.01,27.89
Port Hardy,CA,90,1582761369,87,50.7,-127.42,44.6,10.29
Togur,RU,93,1582761369,93,58.36,82.83,11.95,10.51
Kindu,CD,100,1582761369,89,-2.95,25.95,71.42,1.92
Oktyabr'skoye,RU,3,1582761370,35,43.06,44.74,40.78,5.93
Los Llanos de Aridane,ES,75,1582761370,72,28.66,-17.92,64.4,11.41
Hede,CN,1,1582761370,71,33.77,120.25,41.68,15.12
Porosozero,RU,0,1582761370,95,62.72,32.73,12.31,4.52
Waingapu,ID,77,1582761370,76,-9.66,120.26,84.25,13.87
Milići,BA,90,1582761370,100,44.17,19.09,32.0,17.22
Chapais,CA,75,1582761370,57,49.78,-74.85,17.6,8.05
Coyhaique,CL,75,1582761370,59,-45.58,-72.07,64.4,6.93
Ryōtsu-minato,JP,75,1582761371,63,38.08,138.43,35.6,3.36
Arrondissement de Clermont,FR,51,1582761371,86,49.5,2.42,37.99,11.41
Mogok,MM,50,1582761371,98,22.92,96.5,51.96,2.01
Laguna,US,1,1582761371,35,38.42,-121.42,78.01,2.46
Hirado,JP,75,1582761371,76,33.36,129.55,51.8,11.41
Aripuanã,BR,49,1582761371,95,-9.17,-60.63,76.39,0.69
Mae Hong Son,TH,100,1582761371,57,19.3,97.97,60.82,0.92
Chimbote,PE,16,1582761322,80,-9.09,-78.58,74.05,10.29
Pagudpud,PH,75,1582761372,94,18.56,120.79,71.6,2.24
Broken Hill,AU,0,1582761372,41,-31.95,141.43,60.8,14.99
Tiarei,PF,20,1582761372,66,-17.53,-149.33,87.8,6.93
North Guwāhāti,IN,90,1582761372,93,26.2,91.72,59.0,2.66
Khorixas,NA,11,1582761372,68,-20.37,14.97,69.26,7.63
Banda Aceh,ID,58,1582761372,93,5.56,95.32,73.29,5.17
Lang Son,VN,96,1582761372,89,21.83,106.73,64.17,1.41
Būlaevo,KZ,79,1582761372,89,54.91,70.44,23.4,12.68
Kovrov,RU,92,1582761373,95,56.36,41.32,30.6,4.7
Bathsheba,BB,20,1582761373,73,13.22,-59.52,77.0,8.05
Wodonga,AU,0,1582761373,44,-36.12,146.88,64.0,5.82
Manavālakurichi,IN,20,1582761373,83,8.13,77.3,78.8,3.36
Pekan,MY,20,1582761373,88,3.48,103.4,75.2,2.24
Atherton,GB,79,1582761373,74,53.52,-2.49,39.99,5.82
Meadow Lake,US,1,1582761373,11,34.8,-106.54,48.0,5.82
Petropavlovsk-Kamchatskiy,RU,98,1582761374,62,53.05,158.65,23.0,6.71
Chebarkul',RU,84,1582761374,80,54.97,60.36,24.91,18.9
Leningradskiy,RU,0,1582761374,90,69.38,178.42,-14.39,3.02
Nanortalik,GL,100,1582761374,64,60.14,-45.24,22.28,12.59
Marrakesh,MA,0,1582761249,62,31.63,-8.01,59.0,5.82
Jever,DE,75,1582761374,93,53.58,7.9,37.0,6.93
Khomutovo,RU,100,1582761374,92,52.47,104.4,5.0,2.24
Arrondissement d'Arcachon,FR,90,1582761374,87,44.59,-1.05,48.2,4.7
Swan River,CA,99,1582761375,93,52.11,-101.27,9.81,2.01
Korla,CN,58,1582761375,87,41.76,86.15,27.0,5.99
Kinablangan,PH,89,1582761375,72,7.69,126.55,78.04,5.41
Eureka,US,1,1582761375,76,40.8,-124.16,57.99,13.87
Lenauheim,RO,100,1582761375,93,45.87,20.8,42.01,10.29
Rocha,UY,24,1582761375,81,-34.48,-54.33,55.49,4.07
Padang,ID,68,1582761375,84,-0.95,100.35,70.09,6.2
Nouadhibou,MR,0,1582761376,46,20.93,-17.03,73.4,12.75
Novo Aripuanã,BR,100,1582761376,92,-5.12,-60.38,76.77,1.21
Brainerd,US,90,1582761376,67,46.36,-94.2,23.0,3.36
Savannah Bight,HN,3,1582761376,80,16.45,-85.85,80.94,3.69
Goya,AR,0,1582761376,33,-29.14,-59.26,70.56,6.11
Ishigaki,JP,40,1582761376,88,24.34,124.16,69.8,13.87
Adrasmon,TJ,90,1582761376,93,40.65,69.99,39.2,26.84
Potosí,BO,99,1582761377,92,-19.58,-65.75,46.29,4.85
La Peca,PE,48,1582761377,74,-5.61,-78.44,74.16,5.53
Pisco,PE,55,1582761377,30,-13.7,-76.22,73.0,21.92
Ballina,AU,90,1582761200,83,-28.87,153.57,78.01,8.05
Buraidah,SA,0,1582761377,71,26.33,43.98,53.6,5.82
María Chiquita,PA,40,1582761377,83,9.44,-79.76,81.0,2.24
Faanui,PF,5,1582761377,65,-16.48,-151.75,82.76,4.29
Andenes,NO,100,1582761377,70,69.31,16.12,32.0,8.05
Kharp,RU,100,1582761377,96,66.8,65.81,14.13,9.4
Khani,GE,9,1582761378,37,41.96,42.96,50.0,26.4
Klaksvík,FO,90,1582761378,86,62.23,-6.59,33.8,5.82
Tiznit Province,MA,0,1582761378,36,29.58,-9.5,60.3,1.81
Khovd,MN,0,1582761378,87,48.01,91.64,4.84,1.45
Torrington,US,90,1582761378,81,41.8,-73.12,48.2,4.7
Sfântu Gheorghe,RO,49,1582761378,72,45.87,25.78,43.0,1.99
Olafsvik,IS,81,1582761379,65,64.89,-23.71,26.01,21.79
Vostok,RU,100,1582761379,91,46.49,135.88,11.77,2.37
Kloulklubed,PW,90,1582761379,88,7.04,134.26,80.6,13.87
Marsaxlokk,MT,64,1582761379,82,35.84,14.54,57.0,12.75
Tianpeng,CN,40,1582761379,82,30.99,103.94,60.01,4.47
Barra do Garças,BR,100,1582761379,95,-15.89,-52.26,73.36,1.66
Rio Grande,BR,0,1582761167,60,-32.03,-52.1,68.0,6.93
Santa Cruz de la Sierra,BO,90,1582761171,74,-17.8,-63.17,78.8,10.29
Noumea,NC,75,1582761229,55,-22.28,166.46,87.8,5.82
Kampot,KH,40,1582761380,74,10.62,104.18,80.6,9.17
Honiara,SB,20,1582761380,74,-9.43,159.95,87.8,6.93
Homer,US,75,1582761380,63,59.64,-151.55,30.2,3.36
Taunggyi,MM,80,1582761380,53,20.78,97.03,57.13,4.23
Sesheke,ZM,84,1582761380,100,-17.48,24.3,68.0,2.24
Port Lincoln,AU,0,1582761220,54,-34.73,135.87,63.25,9.08
Mwene-Ditu,CD,97,1582761381,89,-7.0,23.45,68.4,1.63
Mitsamiouli,KM,98,1582761381,78,-11.38,43.28,83.05,10.13
Saint Cloud,US,82,1582761357,73,45.56,-94.16,24.8,5.82
Las Vegas,US,1,1582761296,14,36.17,-115.14,63.0,4.7
Antalaha,MG,100,1582761381,82,-14.9,50.28,80.29,12.17
Alekseyevka,RU,100,1582761381,87,50.63,38.69,36.43,13.42
Opuwo,NA,35,1582761381,66,-18.06,13.84,66.74,3.53
Hamilton,US,90,1582761343,86,39.18,-84.53,32.0,6.93
Vīrarājendrapet,IN,20,1582761382,94,12.2,75.8,78.8,3.36
Mokhsogollokh,RU,100,1582761382,97,61.47,128.92,1.49,2.28
Normandin,CA,75,1582761382,62,48.83,-72.53,21.2,4.7
Akçaabat,TR,5,1582761382,43,41.02,39.57,51.8,5.82
Walvis Bay,NA,0,1582761382,91,-22.96,14.51,66.99,3.0
Lively,CA,90,1582761382,61,46.43,-81.15,16.0,20.8
Port Blair,IN,20,1582761382,94,11.67,92.75,75.2,2.24
Kendari,ID,95,1582761382,86,-3.94,122.5,81.19,2.13
Mahrīz,IR,40,1582761383,87,31.59,54.43,42.8,2.24
Hailey,US,40,1582761383,93,43.52,-114.32,37.0,11.41
Nālūt,LY,1,1582761383,27,30.33,10.85,55.24,6.58
Kurayoshi,JP,40,1582761383,70,35.43,133.82,44.6,18.34
Yārāda,IN,40,1582761383,94,17.65,83.27,73.4,2.24
Melioratorov,RU,90,1582761383,92,57.21,65.61,24.8,8.95
Rodrigues Alves,BR,90,1582761383,83,-7.74,-72.65,80.6,4.7
Mareeba,AU,90,1582761383,74,-17.0,145.43,90.0,4.7
Turukhansk,RU,100,1582761384,91,65.82,87.98,11.17,11.9
Boralday,KZ,90,1582761384,66,43.36,76.86,50.0,22.37
Mahibadhoo,MV,78,1582761384,79,3.78,72.97,80.8,13.47
Sestri Levante,IT,0,1582761384,28,44.27,9.4,48.99,6.93
Iturama,BR,100,1582761384,96,-19.73,-50.2,70.83,3.42
Birao,CF,0,1582761384,16,10.28,22.79,70.07,9.6
Boa Vista,BR,4,1582761286,40,2.82,-60.67,89.6,8.05
Maypangdan,PH,66,1582761385,85,11.65,125.45,78.69,10.6
Lagoa,PT,0,1582761385,89,39.05,-27.98,61.68,15.03
Narodychi,UA,100,1582761385,93,51.2,29.08,42.21,11.74
Jiexiu,CN,100,1582761385,79,37.02,111.91,37.0,3.36
Adré,TD,0,1582761385,17,13.47,22.2,66.06,11.52
Kabinda,CD,3,1582761385,93,-6.13,24.48,68.83,2.37
Biscarrosse,FR,90,1582761385,87,44.39,-1.17,48.2,4.7
Anadyr,RU,75,1582761386,84,64.75,177.48,-2.0,4.47
Tautira,PF,20,1582761386,66,-17.73,-149.15,87.8,6.93
Kerman,IR,0,1582761386,43,30.28,57.08,50.0,9.17
Masaya,NI,20,1582761386,34,11.97,-86.09,93.2,11.41
Raudeberg,NO,94,1582761386,69,61.99,5.14,35.01,20.8
Santa Maria,BR,5,1582761282,49,-29.68,-53.81,65.28,4.54
Batagay-Alyta,RU,73,1582761386,65,67.8,130.41,1.27,6.44
Tonantins,BR,85,1582761387,94,-2.87,-67.8,77.36,2.89
Verkhnevilyuysk,RU,86,1582761387,97,63.45,120.32,-4.94,3.76
Waliso,ET,44,1582761387,66,8.53,37.98,62.64,12.84
Lorengau,PG,3,1582761387,69,-2.02,147.27,84.94,2.93
San Juan,AR,0,1582761387,23,-31.54,-68.54,82.51,7.16
Alice,US,1,1582761387,16,27.75,-98.07,60.8,11.41
Bushehr,IR,0,1582761387,50,28.97,50.84,59.83,6.98
